role,count,pct
assistant,11519,0.4927282060056463
user,8960,0.3832663187612285
tool,2899,0.12400547523312516
