month,user_msgs,assistant_msgs,topic_entropy_user,js_divergence
2025-05,1085,1439,3.416896131554004,0.5471943584871475
2025-06,774,972,3.5068789072028888,0.515648654247128
2025-07,1115,1332,3.629375534736738,0.5099200387246812
2025-08,910,1088,3.708999651142043,0.5009828066307264
2025-09,1018,1293,3.410490909159048,0.5560802261569141
2025-10,1312,1511,3.6270504057930055,0.5364037783759021
2025-11,1622,2199,3.6542148148637352,0.47683273154884914
2025-12,1109,1670,3.3721932718182703,0.47107703282361507
