month,user_msgs,assistant_msgs,topic_entropy_user,js_divergence
2025-05,1085,1439,2.939295218795408,0.42496231024556486
2025-06,774,972,2.871028186864522,0.4023628992260484
2025-07,1115,1332,2.9858122468078228,0.4126612029025201
2025-08,910,1088,3.0539114081049927,0.45377958024061693
2025-09,1018,1293,2.813706658613669,0.5052682289041652
2025-10,1312,1511,2.9042927829350758,0.4927538896374476
2025-11,1622,2199,2.8563751730689297,0.4433341476224393
2025-12,1109,1670,2.8279433280104436,0.4507489240350409
