month,user_msgs,assistant_msgs,topic_entropy_user,js_divergence
2025-05,1085,1439,3.324750579423682,0.4731481338161914
2025-06,774,972,3.267565174921536,0.44157359762318915
2025-07,1115,1332,3.418867966889054,0.43594336818055546
2025-08,910,1088,3.5172905749188095,0.4598719619150492
2025-09,1018,1293,3.197530070141349,0.5148866401109408
2025-10,1312,1511,3.3139990953744607,0.5088522089805805
2025-11,1622,2199,3.337821051813846,0.45809484550157503
2025-12,1109,1670,3.191840891824911,0.4571287156475163
