month,user_msgs,assistant_msgs,topic_entropy_user,js_divergence
2025-05,1085,1439,3.634227724774811,0.48561106831697937
2025-06,774,972,3.4593351152739436,0.44779287982039606
2025-07,1115,1332,3.6624944352778943,0.4576094107689344
2025-08,910,1088,3.752619586877885,0.4892593580859313
2025-09,1018,1293,3.4389235468078923,0.5377959262817258
2025-10,1312,1511,3.6416793185942242,0.5416040870126164
2025-11,1622,2199,3.8009596643223524,0.48366572536458835
2025-12,1109,1670,3.437845809199947,0.467411494297956
