month,user_msgs,assistant_msgs,topic_entropy_user,js_divergence
2025-05,1085,1439,2.5178634023259434,0.5239906145848665
2025-06,774,972,2.7082584829772567,0.49965262220765766
2025-07,1115,1332,2.8685434320356715,0.4835465744044716
2025-08,910,1088,2.9527112300050664,0.4763157985650667
2025-09,1018,1293,2.5947636198266686,0.5535064137203468
2025-10,1312,1511,2.793044201180724,0.5174857374128629
2025-11,1622,2199,2.7664207920603676,0.47139018649235304
2025-12,1109,1670,2.499112592926607,0.48272780883070243
