month,user_msgs,assistant_msgs,topic_entropy_user,js_divergence
2025-05,1085,1439,3.1445575373843266,0.4980328796004445
2025-06,774,972,3.210898848599361,0.4708122240651321
2025-07,1115,1332,3.229451393648043,0.4879512886210135
2025-08,910,1088,3.394908668249407,0.4834907977389686
2025-09,1018,1293,3.128018066969866,0.5273289813891162
2025-10,1312,1511,3.2149258787663624,0.5292405024202018
2025-11,1622,2199,3.2151433351258074,0.4616201922258703
2025-12,1109,1670,2.8495314926582442,0.47797795938688864
